{
  "accuracy": 0.9840740740740741,
  "precision": 0.98417613527686,
  "recall": 0.9840740740740741,
  "f1": 0.9840871869313232,
  "per_class": {
    "AnnualCrop": {
      "precision": 0.9800664451827242,
      "recall": 0.9833333333333333,
      "f1-score": 0.9816971713810316,
      "support": 300.0
    },
    "Forest": {
      "precision": 1.0,
      "recall": 0.9865319865319865,
      "f1-score": 0.9932203389830508,
      "support": 297.0
    },
    "HerbaceousVegetation": {
      "precision": 0.9674267100977199,
      "recall": 0.9834437086092715,
      "f1-score": 0.9753694581280788,
      "support": 302.0
    },
    "Highway": {
      "precision": 0.9745454545454545,
      "recall": 0.9962825278810409,
      "f1-score": 0.9852941176470589,
      "support": 269.0
    },
    "Industrial": {
      "precision": 0.9920948616600791,
      "recall": 0.9766536964980544,
      "f1-score": 0.984313725490196,
      "support": 257.0
    },
    "Pasture": {
      "precision": 0.973404255319149,
      "recall": 0.9786096256684492,
      "f1-score": 0.976,
      "support": 187.0
    },
    "PermanentCrop": {
      "precision": 0.9644268774703557,
      "recall": 0.9606299212598425,
      "f1-score": 0.9625246548323472,
      "support": 254.0
    },
    "Residential": {
      "precision": 0.9936102236421726,
      "recall": 0.9904458598726115,
      "f1-score": 0.9920255183413078,
      "support": 314.0
    },
    "River": {
      "precision": 0.995850622406639,
      "recall": 0.9795918367346939,
      "f1-score": 0.9876543209876543,
      "support": 245.0
    },
    "SeaLake": {
      "precision": 0.9963768115942029,
      "recall": 1.0,
      "f1-score": 0.9981851179673321,
      "support": 275.0
    },
    "accuracy": 0.9840740740740741,
    "macro avg": {
      "precision": 0.9837802261918498,
      "recall": 0.9835522496389284,
      "f1-score": 0.9836284423758057,
      "support": 2700.0
    },
    "weighted avg": {
      "precision": 0.98417613527686,
      "recall": 0.9840740740740741,
      "f1-score": 0.9840871869313232,
      "support": 2700.0
    }
  }
}